"provincia","count","lc0_desc","lc1_desc","lu1_desc"
"A Coruña","4","Woodland","Broadleaved woodland","Forestry"
"A Coruña","2","Woodland","Other mixed woodland","Forestry"
"A Coruña","1","Grassland","Spontaneously re-vegetated surfaces","Other abandoned areas"
"A Coruña","1","Cropland","Temporary grassland","Agriculture (excluding fallow land and kitchen gardens)"
"A Coruña","1","Woodland","Pine dominated mixed woodland","Forestry"
"A Coruña","1","Shrubland","Shrubland without tree cover","Forestry"
"Álava","20","Woodland","Broadleaved woodland","Forestry"
"Álava","19","Cropland","Common wheat","Agriculture (excluding fallow land and kitchen gardens)"
"Álava","12","Woodland","Pine dominated coniferous woodland","Forestry"
"Álava","12","Cropland","Vineyards","Agriculture (excluding fallow land and kitchen gardens)"
"Álava","10","Cropland","Barley","Agriculture (excluding fallow land and kitchen gardens)"
"Álava","8","Grassland","Grassland without tree/shrub cover","Agriculture (excluding fallow land and kitchen gardens)"
"Álava","5","Cropland","Sunflower","Agriculture (excluding fallow land and kitchen gardens)"
"Álava","3","Grassland","Spontaneously re-vegetated surfaces","Agriculture (excluding fallow land and kitchen gardens)"
"Álava","3","Shrubland","Shrubland without tree cover","Semi-natural and natural areas not in use"
"Álava","3","Cropland","Dry pulses","Agriculture (excluding fallow land and kitchen gardens)"
"Álava","3","Shrubland","Shrubland without tree cover","Agriculture (excluding fallow land and kitchen gardens)"
"Álava","2","Woodland","Pine dominated mixed woodland","Forestry"
"Álava","2","Cropland","Nuts trees","Agriculture (excluding fallow land and kitchen gardens)"
"Álava","2","Grassland","Grassland without tree/shrub cover","Semi-natural and natural areas not in use"
"Álava","2","Grassland","Grassland with sparse tree/shrub cover","Agriculture (excluding fallow land and kitchen gardens)"
"Álava","1","Cropland","Oats","Agriculture (excluding fallow land and kitchen gardens)"
"Álava","1","Woodland","Broadleaved woodland","Semi-natural and natural areas not in use"
"Álava","1","Shrubland","Shrubland without tree cover","Energy production"
"Álava","1","Bareland","Other bare soil","Agriculture (excluding fallow land and kitchen gardens)"
"Álava","1","Grassland","Grassland with sparse tree/shrub cover","Forestry"
"Álava","1","Shrubland","Shrubland with sparse tree cover","Semi-natural and natural areas not in use"
"Álava","1","Cropland","Cherry fruit","Agriculture (excluding fallow land and kitchen gardens)"
"Álava","1","Cropland","Olive groves","Agriculture (excluding fallow land and kitchen gardens)"
"Álava","1","Bareland","Other bare soil","Fallow land"
"Álava","1","Woodland","Pine dominated coniferous woodland","Semi-natural and natural areas not in use"
"Albacete","28","Cropland","Barley","Agriculture (excluding fallow land and kitchen gardens)"
"Albacete","14","Cropland","Vineyards","Agriculture (excluding fallow land and kitchen gardens)"
"Albacete","10","Cropland","Nuts trees","Agriculture (excluding fallow land and kitchen gardens)"
"Albacete","8","Bareland","Other bare soil","Fallow land"
"Albacete","8","Cropland","Dry pulses","Agriculture (excluding fallow land and kitchen gardens)"
"Albacete","8","Cropland","Oats","Agriculture (excluding fallow land and kitchen gardens)"
"Albacete","7","Woodland","Pine dominated coniferous woodland","Semi-natural and natural areas not in use"
"Albacete","6","Woodland","Pine dominated coniferous woodland","Forestry"
"Albacete","6","Cropland","Durum wheat","Agriculture (excluding fallow land and kitchen gardens)"
"Albacete","6","Grassland","Spontaneously re-vegetated surfaces","Fallow land"
"Albacete","5","Cropland","Olive groves","Agriculture (excluding fallow land and kitchen gardens)"
"Albacete","4","Woodland","Broadleaved woodland","Semi-natural and natural areas not in use"
"Albacete","3","Cropland","Sunflower","Agriculture (excluding fallow land and kitchen gardens)"
"Albacete","2","Woodland","Broadleaved woodland","Forestry"
"Albacete","2","Cropland","Common wheat","Agriculture (excluding fallow land and kitchen gardens)"
"Albacete","2","Grassland","Spontaneously re-vegetated surfaces","Agriculture (excluding fallow land and kitchen gardens)"
"Albacete","1","Woodland","Pine dominated mixed woodland","Semi-natural and natural areas not in use"
"Albacete","1","Woodland","Other mixed woodland","Semi-natural and natural areas not in use"
"Albacete","1","Cropland","Other fruit trees and berries","Agriculture (excluding fallow land and kitchen gardens)"
"Albacete","1","Grassland","Grassland without tree/shrub cover","Semi-natural and natural areas not in use"
"Albacete","1","Cropland","Cherry fruit","Agriculture (excluding fallow land and kitchen gardens)"
"Albacete","1","Woodland","Pine dominated mixed woodland","Forestry"
"Albacete","1","Cropland","Maize","Agriculture (excluding fallow land and kitchen gardens)"
"Albacete","1","Shrubland","Shrubland without tree cover","Semi-natural and natural areas not in use"
"Albacete","1","Grassland","Grassland without tree/shrub cover","Agriculture (excluding fallow land and kitchen gardens)"
"Albacete","1","Cropland","Mix of cereals","Agriculture (excluding fallow land and kitchen gardens)"
"Albacete","1","Cropland","Lucerne","Agriculture (excluding fallow land and kitchen gardens)"
"Albacete","1","Cropland","Other Leguminous  and mixtures for fodder","Agriculture (excluding fallow land and kitchen gardens)"
"Alicante / Alacant","3","Grassland","Spontaneously re-vegetated surfaces","Fallow land"
"Alicante / Alacant","2","Woodland","Pine dominated coniferous woodland","Semi-natural and natural areas not in use"
"Alicante / Alacant","1","Grassland","Grassland with sparse tree/shrub cover","Semi-natural and natural areas not in use"
"Alicante / Alacant","1","Cropland","Olive groves","Agriculture (excluding fallow land and kitchen gardens)"
"Alicante / Alacant","1","Bareland","Other bare soil","Fallow land"
"Alicante / Alacant","1","Shrubland","Shrubland without tree cover","Semi-natural and natural areas not in use"
"Almería","5","Woodland","Pine dominated coniferous woodland","Forestry"
"Almería","4","Shrubland","Shrubland without tree cover","Semi-natural and natural areas not in use"
"Almería","4","Cropland","Nuts trees","Agriculture (excluding fallow land and kitchen gardens)"
"Almería","1","Cropland","Olive groves","Agriculture (excluding fallow land and kitchen gardens)"
"Almería","1","Woodland","Pine dominated coniferous woodland","Semi-natural and natural areas not in use"
"Almería","1","Woodland","Broadleaved woodland","Semi-natural and natural areas not in use"
"Asturias","18","Grassland","Grassland without tree/shrub cover","Agriculture (excluding fallow land and kitchen gardens)"
"Asturias","7","Woodland","Broadleaved woodland","Forestry"
"Asturias","3","Woodland","Broadleaved woodland","Semi-natural and natural areas not in use"
"Asturias","3","Shrubland","Shrubland without tree cover","Semi-natural and natural areas not in use"
"Asturias","3","Shrubland","Shrubland with sparse tree cover","Semi-natural and natural areas not in use"
"Asturias","2","Woodland","Broadleaved woodland","Agriculture (excluding fallow land and kitchen gardens)"
"Asturias","1","Grassland","Grassland with sparse tree/shrub cover","Semi-natural and natural areas not in use"
"Asturias","1","Grassland","Grassland with sparse tree/shrub cover","Agriculture (excluding fallow land and kitchen gardens)"
"Asturias","1","Grassland","Grassland without tree/shrub cover","Semi-natural and natural areas not in use"
"Asturias","1","Shrubland","Shrubland without tree cover","Agriculture (excluding fallow land and kitchen gardens)"
"Asturias","1","Grassland","Grassland without tree/shrub cover","Residential"
"Asturias","1","Cropland","Temporary grassland","Agriculture (excluding fallow land and kitchen gardens)"
"Asturias","1","Shrubland","Shrubland with sparse tree cover","Other primary production"
"Ávila","12","Grassland","Grassland without tree/shrub cover","Agriculture (excluding fallow land and kitchen gardens)"
"Ávila","10","Woodland","Broadleaved woodland","Forestry"
"Ávila","9","Shrubland","Shrubland without tree cover","Agriculture (excluding fallow land and kitchen gardens)"
"Ávila","7","Bareland","Other bare soil","Fallow land"
"Ávila","7","Cropland","Barley","Agriculture (excluding fallow land and kitchen gardens)"
"Ávila","4","Cropland","Sunflower","Agriculture (excluding fallow land and kitchen gardens)"
"Ávila","4","Grassland","Grassland with sparse tree/shrub cover","Agriculture (excluding fallow land and kitchen gardens)"
"Ávila","4","Cropland","Common wheat","Agriculture (excluding fallow land and kitchen gardens)"
"Ávila","2","Grassland","Spontaneously re-vegetated surfaces","Agriculture (excluding fallow land and kitchen gardens)"
"Ávila","2","Grassland","Spontaneously re-vegetated surfaces","Fallow land"
"Ávila","2","Grassland","Spontaneously re-vegetated surfaces","Semi-natural and natural areas not in use"
"Ávila","2","Cropland","Rye","Agriculture (excluding fallow land and kitchen gardens)"
"Ávila","2","Cropland","Vineyards","Agriculture (excluding fallow land and kitchen gardens)"
"Ávila","1","Cropland","Lucerne","Agriculture (excluding fallow land and kitchen gardens)"
"Ávila","1","Woodland","Pine dominated coniferous woodland","Semi-natural and natural areas not in use"
"Ávila","1","Cropland","Other Leguminous  and mixtures for fodder","Agriculture (excluding fallow land and kitchen gardens)"
"Ávila","1","Cropland","Other root crops","Agriculture (excluding fallow land and kitchen gardens)"
"Ávila","1","Woodland","Pine dominated mixed woodland","Semi-natural and natural areas not in use"
"Ávila","1","Grassland","Grassland without tree/shrub cover","Semi-natural and natural areas not in use"
"Ávila","1","Cropland","Durum wheat","Agriculture (excluding fallow land and kitchen gardens)"
"Ávila","1","Shrubland","Shrubland with sparse tree cover","Semi-natural and natural areas not in use"
"Ávila","1","Cropland","Mix of cereals","Agriculture (excluding fallow land and kitchen gardens)"
"Ávila","1","Grassland","Grassland with sparse tree/shrub cover","Semi-natural and natural areas not in use"
"Ávila","1","Cropland","Oats","Agriculture (excluding fallow land and kitchen gardens)"
"Ávila","1","Woodland","Broadleaved woodland","Semi-natural and natural areas not in use"
"Ávila","1","Woodland","Other coniferous woodland","Semi-natural and natural areas not in use"
"Ávila","1","Woodland","Pine dominated coniferous woodland","Forestry"
"Ávila","1","Shrubland","Shrubland with sparse tree cover","Agriculture (excluding fallow land and kitchen gardens)"
"Badajoz","23","Woodland","Broadleaved woodland","Forestry"
"Badajoz","16","Grassland","Grassland without tree/shrub cover","Agriculture (excluding fallow land and kitchen gardens)"
"Badajoz","11","Cropland","Olive groves","Agriculture (excluding fallow land and kitchen gardens)"
"Badajoz","6","Cropland","Vineyards","Agriculture (excluding fallow land and kitchen gardens)"
"Badajoz","3","Cropland","Common wheat","Agriculture (excluding fallow land and kitchen gardens)"
"Badajoz","2","Bareland","Other bare soil","Fallow land"
"Badajoz","2","Grassland","Grassland with sparse tree/shrub cover","Agriculture (excluding fallow land and kitchen gardens)"
"Badajoz","2","Grassland","Spontaneously re-vegetated surfaces","Fallow land"
"Badajoz","2","Shrubland","Shrubland without tree cover","Agriculture (excluding fallow land and kitchen gardens)"
"Badajoz","2","Cropland","Barley","Agriculture (excluding fallow land and kitchen gardens)"
"Badajoz","1","Shrubland","Shrubland with sparse tree cover","Semi-natural and natural areas not in use"
"Badajoz","1","Cropland","Triticale","Agriculture (excluding fallow land and kitchen gardens)"
"Badajoz","1","Cropland","Other fruit trees and berries","Agriculture (excluding fallow land and kitchen gardens)"
"Badajoz","1","Woodland","Pine dominated coniferous woodland","Forestry"
"Badajoz","1","Grassland","Grassland with sparse tree/shrub cover","Semi-natural and natural areas not in use"
"Badajoz","1","Grassland","Spontaneously re-vegetated surfaces","Agriculture (excluding fallow land and kitchen gardens)"
"Badajoz","1","Cropland","Temporary grassland","Agriculture (excluding fallow land and kitchen gardens)"
"Barcelona","1","Cropland","Common wheat","Agriculture (excluding fallow land and kitchen gardens)"
"Barcelona","1","Cropland","Vineyards","Agriculture (excluding fallow land and kitchen gardens)"
"Burgos","40","Cropland","Barley","Agriculture (excluding fallow land and kitchen gardens)"
"Burgos","35","Cropland","Common wheat","Agriculture (excluding fallow land and kitchen gardens)"
"Burgos","11","Grassland","Grassland without tree/shrub cover","Semi-natural and natural areas not in use"
"Burgos","11","Bareland","Other bare soil","Fallow land"
"Burgos","11","Cropland","Sunflower","Agriculture (excluding fallow land and kitchen gardens)"
"Burgos","10","Woodland","Broadleaved woodland","Forestry"
"Burgos","9","Cropland","Dry pulses","Agriculture (excluding fallow land and kitchen gardens)"
"Burgos","8","Grassland","Grassland without tree/shrub cover","Agriculture (excluding fallow land and kitchen gardens)"
"Burgos","7","Woodland","Broadleaved woodland","Semi-natural and natural areas not in use"
"Burgos","7","Woodland","Pine dominated coniferous woodland","Forestry"
"Burgos","7","Grassland","Spontaneously re-vegetated surfaces","Fallow land"
"Burgos","6","Shrubland","Shrubland without tree cover","Semi-natural and natural areas not in use"
"Burgos","6","Cropland","Lucerne","Agriculture (excluding fallow land and kitchen gardens)"
"Burgos","3","Shrubland","Shrubland without tree cover","Agriculture (excluding fallow land and kitchen gardens)"
"Burgos","2","Shrubland","Shrubland with sparse tree cover","Semi-natural and natural areas not in use"
"Burgos","2","Cropland","Rye","Agriculture (excluding fallow land and kitchen gardens)"
"Burgos","2","Grassland","Grassland with sparse tree/shrub cover","Agriculture (excluding fallow land and kitchen gardens)"
"Burgos","2","Grassland","Spontaneously re-vegetated surfaces","Semi-natural and natural areas not in use"
"Burgos","2","Cropland","Oats","Agriculture (excluding fallow land and kitchen gardens)"
"Burgos","2","Woodland","Pine dominated coniferous woodland","Semi-natural and natural areas not in use"
"Burgos","1","Bareland","Other bare soil","Semi-natural and natural areas not in use"
"Burgos","1","Woodland","Other coniferous woodland","Semi-natural and natural areas not in use"
"Burgos","1","Grassland","Grassland with sparse tree/shrub cover","Community services"
"Burgos","1","Woodland","Other mixed woodland","Agriculture (excluding fallow land and kitchen gardens)"
"Burgos","1","Grassland","Spontaneously re-vegetated surfaces","Other abandoned areas"
"Burgos","1","Cropland","Triticale","Agriculture (excluding fallow land and kitchen gardens)"
"Burgos","1","Cropland","Nuts trees","Agriculture (excluding fallow land and kitchen gardens)"
"Burgos","1","Grassland","Spontaneously re-vegetated surfaces","Agriculture (excluding fallow land and kitchen gardens)"
"Burgos","1","Woodland","Pine dominated mixed woodland","Semi-natural and natural areas not in use"
"Burgos","1","Shrubland","Shrubland with sparse tree cover","Agriculture (excluding fallow land and kitchen gardens)"
"Burgos","1","Cropland","Other Leguminous  and mixtures for fodder","Agriculture (excluding fallow land and kitchen gardens)"
"Burgos","1","Grassland","Grassland with sparse tree/shrub cover","Forestry"
"Burgos","1","Cropland","Rape and turnip rape","Agriculture (excluding fallow land and kitchen gardens)"
"Burgos","1","Grassland","Grassland without tree/shrub cover","Other abandoned areas"
"Cáceres","16","Grassland","Grassland without tree/shrub cover","Agriculture (excluding fallow land and kitchen gardens)"
"Cáceres","16","Woodland","Broadleaved woodland","Forestry"
"Cáceres","5","Cropland","Olive groves","Agriculture (excluding fallow land and kitchen gardens)"
"Cáceres","4","Shrubland","Shrubland without tree cover","Agriculture (excluding fallow land and kitchen gardens)"
"Cáceres","4","Cropland","Barley","Agriculture (excluding fallow land and kitchen gardens)"
"Cáceres","4","Bareland","Other bare soil","Fallow land"
"Cáceres","3","Grassland","Grassland with sparse tree/shrub cover","Agriculture (excluding fallow land and kitchen gardens)"
"Cáceres","2","Cropland","Maize","Agriculture (excluding fallow land and kitchen gardens)"
"Cáceres","2","Cropland","Common wheat","Agriculture (excluding fallow land and kitchen gardens)"
"Cáceres","2","Cropland","Temporary grassland","Agriculture (excluding fallow land and kitchen gardens)"
"Cáceres","2","Cropland","Tomatoes","Agriculture (excluding fallow land and kitchen gardens)"
"Cáceres","2","Cropland","Olive groves","Other abandoned areas"
"Cáceres","1","Grassland","Grassland with sparse tree/shrub cover","Semi-natural and natural areas not in use"
"Cáceres","1","Grassland","Spontaneously re-vegetated surfaces","Agriculture (excluding fallow land and kitchen gardens)"
"Cáceres","1","Cropland","Other fruit trees and berries","Agriculture (excluding fallow land and kitchen gardens)"
"Cáceres","1","Shrubland","Shrubland with sparse tree cover","Agriculture (excluding fallow land and kitchen gardens)"
"Cáceres","1","Cropland","Oats","Agriculture (excluding fallow land and kitchen gardens)"
"Cáceres","1","Woodland","Broadleaved woodland","Semi-natural and natural areas not in use"
"Cáceres","1","Cropland","Vineyards","Agriculture (excluding fallow land and kitchen gardens)"
"Cádiz","3","Cropland","Sunflower","Agriculture (excluding fallow land and kitchen gardens)"
"Cádiz","3","Cropland","Cotton","Agriculture (excluding fallow land and kitchen gardens)"
"Cádiz","2","Cropland","Common wheat","Agriculture (excluding fallow land and kitchen gardens)"
"Cádiz","2","Cropland","Durum wheat","Agriculture (excluding fallow land and kitchen gardens)"
"Cádiz","2","Cropland","Olive groves","Agriculture (excluding fallow land and kitchen gardens)"
"Cádiz","1","Cropland","Barley","Agriculture (excluding fallow land and kitchen gardens)"
"Cádiz","1","Grassland","Spontaneously re-vegetated surfaces","Fallow land"
"Cádiz","1","Bareland","Other bare soil","Agriculture (excluding fallow land and kitchen gardens)"
"Cádiz","1","Grassland","Spontaneously re-vegetated surfaces","Agriculture (excluding fallow land and kitchen gardens)"
"Cádiz","1","Cropland","Other Leguminous  and mixtures for fodder","Agriculture (excluding fallow land and kitchen gardens)"
"Cádiz","1","Cropland","Dry pulses","Agriculture (excluding fallow land and kitchen gardens)"
"Cádiz","1","Bareland","Other bare soil","Fallow land"
"Cantabria","20","Grassland","Grassland without tree/shrub cover","Agriculture (excluding fallow land and kitchen gardens)"
"Cantabria","10","Woodland","Broadleaved woodland","Forestry"
"Cantabria","8","Woodland","Broadleaved woodland","Semi-natural and natural areas not in use"
"Cantabria","4","Grassland","Grassland with sparse tree/shrub cover","Agriculture (excluding fallow land and kitchen gardens)"
"Cantabria","3","Cropland","Common wheat","Agriculture (excluding fallow land and kitchen gardens)"
"Cantabria","3","Shrubland","Shrubland without tree cover","Agriculture (excluding fallow land and kitchen gardens)"
"Cantabria","2","Shrubland","Shrubland without tree cover","Semi-natural and natural areas not in use"
"Cantabria","2","Bareland","Other bare soil","Fallow land"
"Cantabria","1","Woodland","Pine dominated coniferous woodland","Semi-natural and natural areas not in use"
"Cantabria","1","Grassland","Grassland without tree/shrub cover","Semi-natural and natural areas not in use"
"Cantabria","1","Artificial land","Other artificial areas","Electricity gas and thermal power distribution"
"Cantabria","1","Woodland","Broadleaved woodland","Agriculture (excluding fallow land and kitchen gardens)"
"Cantabria","1","Cropland","Temporary grassland","Agriculture (excluding fallow land and kitchen gardens)"
"Cantabria","1","Shrubland","Shrubland with sparse tree cover","Agriculture (excluding fallow land and kitchen gardens)"
"Cantabria","1","Woodland","Pine dominated coniferous woodland","Forestry"
"Cantabria","1","Cropland","Oats","Agriculture (excluding fallow land and kitchen gardens)"
"Cantabria","1","Grassland","Spontaneously re-vegetated surfaces","Fallow land"
"Cantabria","1","Cropland","Barley","Agriculture (excluding fallow land and kitchen gardens)"
"Cantabria","1","Shrubland","Shrubland without tree cover","Energy production"
"Castellón / Castelló","3","Cropland","Nuts trees","Agriculture (excluding fallow land and kitchen gardens)"
"Castellón / Castelló","2","Cropland","Oranges","Agriculture (excluding fallow land and kitchen gardens)"
"Castellón / Castelló","1","Grassland","Grassland with sparse tree/shrub cover","Other abandoned areas"
"Castellón / Castelló","1","Woodland","Pine dominated coniferous woodland","Forestry"
"Castellón / Castelló","1","Artificial land","Other artificial areas","Electricity gas and thermal power distribution"
"Castellón / Castelló","1","Cropland","Olive groves","Agriculture (excluding fallow land and kitchen gardens)"
"Castellón / Castelló","1","Cropland","Other citrus fruit","Agriculture (excluding fallow land and kitchen gardens)"
"Ceuta","3","Woodland","Broadleaved woodland","Forestry"
"Ceuta","1","Grassland","Spontaneously re-vegetated surfaces","Agriculture (excluding fallow land and kitchen gardens)"
"Ceuta","1","Cropland","Other fruit trees and berries","Other abandoned areas"
"Ceuta","1","Woodland","Pine dominated coniferous woodland","Forestry"
"Ceuta","1","Cropland","Common wheat","Agriculture (excluding fallow land and kitchen gardens)"
"Ceuta","1","Cropland","Other Leguminous  and mixtures for fodder","Agriculture (excluding fallow land and kitchen gardens)"
"Ceuta","1","Grassland","Grassland without tree/shrub cover","Agriculture (excluding fallow land and kitchen gardens)"
"Ceuta","1","Cropland","Olive groves","Agriculture (excluding fallow land and kitchen gardens)"
"Ceuta","1","Bareland","Other bare soil","Fallow land"
"Ciudad Real","21","Cropland","Barley","Agriculture (excluding fallow land and kitchen gardens)"
"Ciudad Real","16","Bareland","Other bare soil","Fallow land"
"Ciudad Real","12","Cropland","Oats","Agriculture (excluding fallow land and kitchen gardens)"
"Ciudad Real","10","Cropland","Vineyards","Agriculture (excluding fallow land and kitchen gardens)"
"Ciudad Real","7","Grassland","Spontaneously re-vegetated surfaces","Fallow land"
"Ciudad Real","6","Cropland","Olive groves","Agriculture (excluding fallow land and kitchen gardens)"
"Ciudad Real","4","Bareland","Other bare soil","Agriculture (excluding fallow land and kitchen gardens)"
"Ciudad Real","3","Grassland","Spontaneously re-vegetated surfaces","Agriculture (excluding fallow land and kitchen gardens)"
"Ciudad Real","3","Cropland","Common wheat","Agriculture (excluding fallow land and kitchen gardens)"
"Ciudad Real","3","Grassland","Grassland without tree/shrub cover","Agriculture (excluding fallow land and kitchen gardens)"
"Ciudad Real","2","Cropland","Mix of cereals","Agriculture (excluding fallow land and kitchen gardens)"
"Ciudad Real","1","Cropland","Nuts trees","Agriculture (excluding fallow land and kitchen gardens)"
"Ciudad Real","1","Grassland","Grassland with sparse tree/shrub cover","Agriculture (excluding fallow land and kitchen gardens)"
"Ciudad Real","1","Cropland","Dry pulses","Agriculture (excluding fallow land and kitchen gardens)"
"Ciudad Real","1","Woodland","Broadleaved woodland","Semi-natural and natural areas not in use"
"Ciudad Real","1","Woodland","Broadleaved woodland","Other primary production"
"Ciudad Real","1","Cropland","Durum wheat","Agriculture (excluding fallow land and kitchen gardens)"
"Ciudad Real","1","Woodland","Broadleaved woodland","Forestry"
"Córdoba","15","Cropland","Olive groves","Agriculture (excluding fallow land and kitchen gardens)"
"Córdoba","10","Cropland","Durum wheat","Agriculture (excluding fallow land and kitchen gardens)"
"Córdoba","6","Cropland","Sunflower","Agriculture (excluding fallow land and kitchen gardens)"
"Córdoba","2","Grassland","Grassland without tree/shrub cover","Semi-natural and natural areas not in use"
"Córdoba","2","Cropland","Cotton","Agriculture (excluding fallow land and kitchen gardens)"
"Córdoba","1","Shrubland","Shrubland without tree cover","Agriculture (excluding fallow land and kitchen gardens)"
"Córdoba","1","Cropland","Nuts trees","Agriculture (excluding fallow land and kitchen gardens)"
"Córdoba","1","Cropland","Dry pulses","Agriculture (excluding fallow land and kitchen gardens)"
"Córdoba","1","Shrubland","Shrubland without tree cover","Other abandoned areas"
"Córdoba","1","Cropland","Other non-permanent industrial crops","Agriculture (excluding fallow land and kitchen gardens)"
"Córdoba","1","Cropland","Oats","Agriculture (excluding fallow land and kitchen gardens)"
"Córdoba","1","Cropland","Rape and turnip rape","Agriculture (excluding fallow land and kitchen gardens)"
"Córdoba","1","Cropland","Barley","Agriculture (excluding fallow land and kitchen gardens)"
"Córdoba","1","Cropland","Other fresh vegetables","Agriculture (excluding fallow land and kitchen gardens)"
"Córdoba","1","Grassland","Spontaneously re-vegetated surfaces","Fallow land"
"Cuenca","28","Cropland","Barley","Agriculture (excluding fallow land and kitchen gardens)"
"Cuenca","22","Cropland","Sunflower","Agriculture (excluding fallow land and kitchen gardens)"
"Cuenca","17","Bareland","Other bare soil","Fallow land"
"Cuenca","16","Woodland","Pine dominated coniferous woodland","Forestry"
"Cuenca","10","Shrubland","Shrubland without tree cover","Semi-natural and natural areas not in use"
"Cuenca","7","Grassland","Spontaneously re-vegetated surfaces","Fallow land"
"Cuenca","5","Cropland","Dry pulses","Agriculture (excluding fallow land and kitchen gardens)"
"Cuenca","5","Shrubland","Shrubland with sparse tree cover","Semi-natural and natural areas not in use"
"Cuenca","5","Woodland","Pine dominated coniferous woodland","Semi-natural and natural areas not in use"
"Cuenca","5","Cropland","Common wheat","Agriculture (excluding fallow land and kitchen gardens)"
"Cuenca","3","Woodland","Broadleaved woodland","Forestry"
"Cuenca","3","Woodland","Pine dominated mixed woodland","Forestry"
"Cuenca","3","Woodland","Other coniferous woodland","Forestry"
"Cuenca","3","Woodland","Broadleaved woodland","Semi-natural and natural areas not in use"
"Cuenca","2","Woodland","Other mixed woodland","Semi-natural and natural areas not in use"
"Cuenca","2","Grassland","Grassland without tree/shrub cover","Agriculture (excluding fallow land and kitchen gardens)"
"Cuenca","2","Woodland","Pine dominated mixed woodland","Semi-natural and natural areas not in use"
"Cuenca","2","Cropland","Durum wheat","Agriculture (excluding fallow land and kitchen gardens)"
"Cuenca","2","Grassland","Grassland without tree/shrub cover","Semi-natural and natural areas not in use"
"Cuenca","2","Grassland","Grassland with sparse tree/shrub cover","Agriculture (excluding fallow land and kitchen gardens)"
"Cuenca","1","Cropland","Vineyards","Agriculture (excluding fallow land and kitchen gardens)"
"Cuenca","1","Shrubland","Shrubland with sparse tree cover","Agriculture (excluding fallow land and kitchen gardens)"
"Cuenca","1","Artificial land","Other artificial areas","Electricity gas and thermal power distribution"
"Cuenca","1","Cropland","Nuts trees","Agriculture (excluding fallow land and kitchen gardens)"
"Cuenca","1","Artificial land","Non built-up linear features","Road transport"
"Cuenca","1","Grassland","Grassland with sparse tree/shrub cover","Semi-natural and natural areas not in use"
"Cuenca","1","Cropland","Olive groves","Agriculture (excluding fallow land and kitchen gardens)"
"Cuenca","1","Grassland","Spontaneously re-vegetated surfaces","Semi-natural and natural areas not in use"
"Cuenca","1","Grassland","Spontaneously re-vegetated surfaces","Agriculture (excluding fallow land and kitchen gardens)"
"Cuenca","1","Cropland","Oats","Agriculture (excluding fallow land and kitchen gardens)"
"Cuenca","1","Bareland","Other bare soil","Agriculture (excluding fallow land and kitchen gardens)"
"Gipuzkoa","5","Woodland","Broadleaved woodland","Forestry"
"Gipuzkoa","4","Grassland","Grassland without tree/shrub cover","Agriculture (excluding fallow land and kitchen gardens)"
"Gipuzkoa","3","Woodland","Pine dominated coniferous woodland","Forestry"
"Girona","2","Cropland","Common wheat","Agriculture (excluding fallow land and kitchen gardens)"
"Girona","2","Cropland","Lucerne","Agriculture (excluding fallow land and kitchen gardens)"
"Girona","1","Bareland","Other bare soil","Fallow land"
"Girona","1","Grassland","Grassland without tree/shrub cover","Agriculture (excluding fallow land and kitchen gardens)"
"Girona","1","Cropland","Maize","Agriculture (excluding fallow land and kitchen gardens)"
"Girona","1","Woodland","Broadleaved woodland","Forestry"
"Girona","1","Cropland","Oats","Agriculture (excluding fallow land and kitchen gardens)"
"Girona","1","Cropland","Nurseries","Forestry"
"Girona","1","Cropland","Temporary grassland","Agriculture (excluding fallow land and kitchen gardens)"
"Granada","33","Cropland","Olive groves","Agriculture (excluding fallow land and kitchen gardens)"
"Granada","10","Woodland","Pine dominated coniferous woodland","Forestry"
"Granada","8","Cropland","Nuts trees","Agriculture (excluding fallow land and kitchen gardens)"
"Granada","6","Bareland","Other bare soil","Fallow land"
"Granada","4","Woodland","Broadleaved woodland","Semi-natural and natural areas not in use"
"Granada","3","Grassland","Spontaneously re-vegetated surfaces","Agriculture (excluding fallow land and kitchen gardens)"
"Granada","3","Cropland","Barley","Agriculture (excluding fallow land and kitchen gardens)"
"Granada","3","Shrubland","Shrubland without tree cover","Semi-natural and natural areas not in use"
"Granada","3","Grassland","Spontaneously re-vegetated surfaces","Fallow land"
"Granada","2","Grassland","Grassland without tree/shrub cover","Semi-natural and natural areas not in use"
"Granada","2","Bareland","Other bare soil","Agriculture (excluding fallow land and kitchen gardens)"
"Granada","1","Cropland","Olive groves","Other abandoned areas"
"Granada","1","Cropland","Oats","Agriculture (excluding fallow land and kitchen gardens)"
"Granada","1","Woodland","Broadleaved woodland","Forestry"
"Granada","1","Shrubland","Shrubland with sparse tree cover","Forestry"
"Guadalajara","32","Cropland","Barley","Agriculture (excluding fallow land and kitchen gardens)"
"Guadalajara","16","Bareland","Other bare soil","Fallow land"
"Guadalajara","10","Cropland","Common wheat","Agriculture (excluding fallow land and kitchen gardens)"
"Guadalajara","10","Shrubland","Shrubland without tree cover","Semi-natural and natural areas not in use"
"Guadalajara","8","Grassland","Spontaneously re-vegetated surfaces","Fallow land"
"Guadalajara","5","Cropland","Olive groves","Agriculture (excluding fallow land and kitchen gardens)"
"Guadalajara","5","Shrubland","Shrubland with sparse tree cover","Semi-natural and natural areas not in use"
"Guadalajara","4","Grassland","Grassland with sparse tree/shrub cover","Semi-natural and natural areas not in use"
"Guadalajara","4","Woodland","Broadleaved woodland","Semi-natural and natural areas not in use"
"Guadalajara","3","Woodland","Pine dominated coniferous woodland","Forestry"
"Guadalajara","3","Cropland","Olive groves","Other abandoned areas"
"Guadalajara","3","Grassland","Grassland with sparse tree/shrub cover","Agriculture (excluding fallow land and kitchen gardens)"
"Guadalajara","3","Cropland","Dry pulses","Agriculture (excluding fallow land and kitchen gardens)"
"Guadalajara","3","Cropland","Durum wheat","Agriculture (excluding fallow land and kitchen gardens)"
"Guadalajara","2","Grassland","Grassland without tree/shrub cover","Semi-natural and natural areas not in use"
"Guadalajara","2","Artificial land","Other artificial areas","Electricity gas and thermal power distribution"
"Guadalajara","2","Grassland","Grassland without tree/shrub cover","Agriculture (excluding fallow land and kitchen gardens)"
"Guadalajara","2","Woodland","Broadleaved woodland","Forestry"
"Guadalajara","2","Cropland","Rape and turnip rape","Agriculture (excluding fallow land and kitchen gardens)"
"Guadalajara","2","Cropland","Sunflower","Agriculture (excluding fallow land and kitchen gardens)"
"Guadalajara","2","Cropland","Oats","Agriculture (excluding fallow land and kitchen gardens)"
"Guadalajara","1","Bareland","Other bare soil","Other abandoned areas"
"Guadalajara","1","Cropland","Rye","Agriculture (excluding fallow land and kitchen gardens)"
"Guadalajara","1","Cropland","Tomatoes","Agriculture (excluding fallow land and kitchen gardens)"
"Guadalajara","1","Cropland","Apple fruit","Agriculture (excluding fallow land and kitchen gardens)"
"Guadalajara","1","Cropland","Mix of cereals","Agriculture (excluding fallow land and kitchen gardens)"
"Guadalajara","1","Woodland","Other coniferous woodland","Forestry"
"Guadalajara","1","Cropland","Other fibre and oleaginous crops","Agriculture (excluding fallow land and kitchen gardens)"
"Guadalajara","1","Grassland","Spontaneously re-vegetated surfaces","Agriculture (excluding fallow land and kitchen gardens)"
"Guadalajara","1","Woodland","Pine dominated coniferous woodland","Semi-natural and natural areas not in use"
"Guadalajara","1","Cropland","Floriculture and ornamental plants","Agriculture (excluding fallow land and kitchen gardens)"
"Guadalajara","1","Grassland","Spontaneously re-vegetated surfaces","Semi-natural and natural areas not in use"
"Guadalajara","1","Cropland","Triticale","Agriculture (excluding fallow land and kitchen gardens)"
"Guadalajara","1","Woodland","Broadleaved woodland","Agriculture (excluding fallow land and kitchen gardens)"
"Guadalajara","1","Woodland","Other mixed woodland","Forestry"
"Guadalajara","1","Cropland","Vineyards","Agriculture (excluding fallow land and kitchen gardens)"
"Guadalajara","1","Shrubland","Shrubland without tree cover","Agriculture (excluding fallow land and kitchen gardens)"
"Guadalajara","1","Shrubland","Shrubland with sparse tree cover","Agriculture (excluding fallow land and kitchen gardens)"
"Huelva","1","Cropland","Sunflower","Agriculture (excluding fallow land and kitchen gardens)"
"Huelva","1","Grassland","Grassland with sparse tree/shrub cover","Forestry"
"Huelva","1","Cropland","Triticale","Agriculture (excluding fallow land and kitchen gardens)"
"Huelva","1","Woodland","Pine dominated coniferous woodland","Forestry"
"Huesca","31","Cropland","Barley","Agriculture (excluding fallow land and kitchen gardens)"
"Huesca","14","Cropland","Common wheat","Agriculture (excluding fallow land and kitchen gardens)"
"Huesca","7","Grassland","Spontaneously re-vegetated surfaces","Fallow land"
"Huesca","5","Cropland","Durum wheat","Agriculture (excluding fallow land and kitchen gardens)"
"Huesca","5","Bareland","Other bare soil","Fallow land"
"Huesca","4","Cropland","Lucerne","Agriculture (excluding fallow land and kitchen gardens)"
"Huesca","3","Cropland","Maize","Agriculture (excluding fallow land and kitchen gardens)"
"Huesca","2","Cropland","Temporary grassland","Agriculture (excluding fallow land and kitchen gardens)"
"Huesca","2","Cropland","Dry pulses","Agriculture (excluding fallow land and kitchen gardens)"
"Huesca","2","Woodland","Pine dominated coniferous woodland","Forestry"
"Huesca","1","Woodland","Pine dominated coniferous woodland","Semi-natural and natural areas not in use"
"Huesca","1","Grassland","Grassland without tree/shrub cover","Semi-natural and natural areas not in use"
"Huesca","1","Cropland","Olive groves","Agriculture (excluding fallow land and kitchen gardens)"
"Huesca","1","Cropland","Nuts trees","Agriculture (excluding fallow land and kitchen gardens)"
"Huesca","1","Cropland","Other Leguminous  and mixtures for fodder","Agriculture (excluding fallow land and kitchen gardens)"
"Huesca","1","Shrubland","Shrubland without tree cover","Semi-natural and natural areas not in use"
"Huesca","1","Cropland","Rye","Agriculture (excluding fallow land and kitchen gardens)"
"Huesca","1","Grassland","Spontaneously re-vegetated surfaces","Water supply and treatment"
"Jaén","80","Cropland","Olive groves","Agriculture (excluding fallow land and kitchen gardens)"
"Jaén","7","Woodland","Pine dominated coniferous woodland","Forestry"
"Jaén","4","Cropland","Barley","Agriculture (excluding fallow land and kitchen gardens)"
"Jaén","3","Bareland","Other bare soil","Fallow land"
"Jaén","3","Grassland","Spontaneously re-vegetated surfaces","Agriculture (excluding fallow land and kitchen gardens)"
"Jaén","3","Grassland","Spontaneously re-vegetated surfaces","Fallow land"
"Jaén","2","Cropland","Durum wheat","Agriculture (excluding fallow land and kitchen gardens)"
"Jaén","2","Woodland","Broadleaved woodland","Forestry"
"Jaén","2","Bareland","Other bare soil","Agriculture (excluding fallow land and kitchen gardens)"
"Jaén","2","Shrubland","Shrubland without tree cover","Semi-natural and natural areas not in use"
"Jaén","1","Cropland","Olive groves","Other abandoned areas"
"Jaén","1","Woodland","Broadleaved woodland","Semi-natural and natural areas not in use"
"Jaén","1","Cropland","Nuts trees","Agriculture (excluding fallow land and kitchen gardens)"
"Jaén","1","Cropland","Oats","Agriculture (excluding fallow land and kitchen gardens)"
"Jaén","1","Shrubland","Shrubland with sparse tree cover","Forestry"
"Jaén","1","Cropland","Cotton","Agriculture (excluding fallow land and kitchen gardens)"
"La Rioja","10","Cropland","Vineyards","Agriculture (excluding fallow land and kitchen gardens)"
"La Rioja","7","Woodland","Broadleaved woodland","Forestry"
"La Rioja","3","Cropland","Barley","Agriculture (excluding fallow land and kitchen gardens)"
"La Rioja","3","Shrubland","Shrubland without tree cover","Agriculture (excluding fallow land and kitchen gardens)"
"La Rioja","3","Woodland","Pine dominated coniferous woodland","Forestry"
"La Rioja","2","Grassland","Spontaneously re-vegetated surfaces","Agriculture (excluding fallow land and kitchen gardens)"
"La Rioja","2","Cropland","Nuts trees","Agriculture (excluding fallow land and kitchen gardens)"
"La Rioja","2","Cropland","Common wheat","Agriculture (excluding fallow land and kitchen gardens)"
"La Rioja","1","Grassland","Grassland without tree/shrub cover","Agriculture (excluding fallow land and kitchen gardens)"
"La Rioja","1","Grassland","Grassland with sparse tree/shrub cover","Agriculture (excluding fallow land and kitchen gardens)"
"La Rioja","1","Cropland","Sunflower","Agriculture (excluding fallow land and kitchen gardens)"
"La Rioja","1","Shrubland","Shrubland without tree cover","Energy production"
"La Rioja","1","Shrubland","Shrubland with sparse tree cover","Agriculture (excluding fallow land and kitchen gardens)"
"La Rioja","1","Woodland","Pine dominated coniferous woodland","Semi-natural and natural areas not in use"
"La Rioja","1","Shrubland","Shrubland with sparse tree cover","Semi-natural and natural areas not in use"
"La Rioja","1","Cropland","Olive groves","Agriculture (excluding fallow land and kitchen gardens)"
"La Rioja","1","Bareland","Other bare soil","Agriculture (excluding fallow land and kitchen gardens)"
"León","17","Cropland","Common wheat","Agriculture (excluding fallow land and kitchen gardens)"
"León","16","Woodland","Broadleaved woodland","Forestry"
"León","13","Cropland","Barley","Agriculture (excluding fallow land and kitchen gardens)"
"León","12","Grassland","Grassland without tree/shrub cover","Agriculture (excluding fallow land and kitchen gardens)"
"León","11","Shrubland","Shrubland with sparse tree cover","Semi-natural and natural areas not in use"
"León","11","Cropland","Maize","Agriculture (excluding fallow land and kitchen gardens)"
"León","11","Bareland","Other bare soil","Fallow land"
"León","10","Grassland","Spontaneously re-vegetated surfaces","Fallow land"
"León","8","Cropland","Durum wheat","Agriculture (excluding fallow land and kitchen gardens)"
"León","7","Cropland","Lucerne","Agriculture (excluding fallow land and kitchen gardens)"
"León","7","Grassland","Grassland without tree/shrub cover","Semi-natural and natural areas not in use"
"León","5","Woodland","Pine dominated coniferous woodland","Forestry"
"León","5","Cropland","Dry pulses","Agriculture (excluding fallow land and kitchen gardens)"
"León","5","Shrubland","Shrubland without tree cover","Semi-natural and natural areas not in use"
"León","5","Woodland","Broadleaved woodland","Semi-natural and natural areas not in use"
"León","5","Grassland","Grassland with sparse tree/shrub cover","Semi-natural and natural areas not in use"
"León","4","Shrubland","Shrubland with sparse tree cover","Forestry"
"León","4","Cropland","Sunflower","Agriculture (excluding fallow land and kitchen gardens)"
"León","4","Cropland","Oats","Agriculture (excluding fallow land and kitchen gardens)"
"León","3","Cropland","Rye","Agriculture (excluding fallow land and kitchen gardens)"
"León","3","Shrubland","Shrubland without tree cover","Agriculture (excluding fallow land and kitchen gardens)"
"León","2","Cropland","Temporary grassland","Agriculture (excluding fallow land and kitchen gardens)"
"León","1","Grassland","Grassland without tree/shrub cover","Other abandoned areas"
"León","1","Cropland","Potatoes","Agriculture (excluding fallow land and kitchen gardens)"
"León","1","Woodland","Other mixed woodland","Forestry"
"León","1","Cropland","Other Leguminous  and mixtures for fodder","Agriculture (excluding fallow land and kitchen gardens)"
"León","1","Grassland","Grassland with sparse tree/shrub cover","Agriculture (excluding fallow land and kitchen gardens)"
"León","1","Grassland","Spontaneously re-vegetated surfaces","Other abandoned areas"
"León","1","Cropland","Mix of cereals","Agriculture (excluding fallow land and kitchen gardens)"
"León","1","Cropland","Sugar beet","Agriculture (excluding fallow land and kitchen gardens)"
"León","1","Cropland","Triticale","Agriculture (excluding fallow land and kitchen gardens)"
"Lleida","11","Cropland","Maize","Agriculture (excluding fallow land and kitchen gardens)"
"Lleida","10","Cropland","Barley","Agriculture (excluding fallow land and kitchen gardens)"
"Lleida","9","Cropland","Olive groves","Agriculture (excluding fallow land and kitchen gardens)"
"Lleida","7","Bareland","Other bare soil","Fallow land"
"Lleida","6","Cropland","Lucerne","Agriculture (excluding fallow land and kitchen gardens)"
"Lleida","5","Cropland","Other fruit trees and berries","Agriculture (excluding fallow land and kitchen gardens)"
"Lleida","4","Cropland","Vineyards","Agriculture (excluding fallow land and kitchen gardens)"
"Lleida","4","Cropland","Common wheat","Agriculture (excluding fallow land and kitchen gardens)"
"Lleida","3","Woodland","Broadleaved woodland","Semi-natural and natural areas not in use"
"Lleida","3","Grassland","Spontaneously re-vegetated surfaces","Fallow land"
"Lleida","3","Cropland","Pear fruit","Agriculture (excluding fallow land and kitchen gardens)"
"Lleida","2","Cropland","Cherry fruit","Agriculture (excluding fallow land and kitchen gardens)"
"Lleida","2","Cropland","Olive groves","Other abandoned areas"
"Lleida","2","Cropland","Durum wheat","Agriculture (excluding fallow land and kitchen gardens)"
"Lleida","2","Cropland","Nuts trees","Agriculture (excluding fallow land and kitchen gardens)"
"Lleida","1","Woodland","Pine dominated coniferous woodland","Agriculture (excluding fallow land and kitchen gardens)"
"Lleida","1","Cropland","Dry pulses","Agriculture (excluding fallow land and kitchen gardens)"
"Lleida","1","Woodland","Pine dominated coniferous woodland","Semi-natural and natural areas not in use"
"Lleida","1","Cropland","Nuts trees","Other abandoned areas"
"Lleida","1","Grassland","Spontaneously re-vegetated surfaces","Agriculture (excluding fallow land and kitchen gardens)"
"Lleida","1","Grassland","Grassland without tree/shrub cover","Semi-natural and natural areas not in use"
"Lleida","1","Cropland","Triticale","Agriculture (excluding fallow land and kitchen gardens)"
"Lleida","1","Cropland","Temporary grassland","Agriculture (excluding fallow land and kitchen gardens)"
"Lugo","20","Woodland","Broadleaved woodland","Forestry"
"Lugo","11","Grassland","Grassland without tree/shrub cover","Agriculture (excluding fallow land and kitchen gardens)"
"Lugo","7","Woodland","Pine dominated coniferous woodland","Forestry"
"Lugo","6","Cropland","Temporary grassland","Agriculture (excluding fallow land and kitchen gardens)"
"Lugo","4","Woodland","Broadleaved woodland","Semi-natural and natural areas not in use"
"Lugo","4","Shrubland","Shrubland with sparse tree cover","Semi-natural and natural areas not in use"
"Lugo","3","Shrubland","Shrubland without tree cover","Semi-natural and natural areas not in use"
"Lugo","2","Shrubland","Shrubland without tree cover","Agriculture (excluding fallow land and kitchen gardens)"
"Lugo","1","Grassland","Spontaneously re-vegetated surfaces","Fallow land"
"Lugo","1","Shrubland","Shrubland without tree cover","Forestry"
"Lugo","1","Woodland","Other coniferous woodland","Forestry"
"Lugo","1","Woodland","Pine dominated mixed woodland","Forestry"
"Lugo","1","Woodland","Other mixed woodland","Forestry"
"Madrid","8","Cropland","Barley","Agriculture (excluding fallow land and kitchen gardens)"
"Madrid","7","Bareland","Other bare soil","Fallow land"
"Madrid","5","Cropland","Common wheat","Agriculture (excluding fallow land and kitchen gardens)"
"Madrid","3","Cropland","Olive groves","Agriculture (excluding fallow land and kitchen gardens)"
"Madrid","3","Grassland","Grassland with sparse tree/shrub cover","Semi-natural and natural areas not in use"
"Madrid","2","Woodland","Pine dominated coniferous woodland","Forestry"
"Madrid","2","Cropland","Triticale","Agriculture (excluding fallow land and kitchen gardens)"
"Madrid","2","Grassland","Spontaneously re-vegetated surfaces","Fallow land"
"Madrid","2","Cropland","Vineyards","Agriculture (excluding fallow land and kitchen gardens)"
"Madrid","1","Cropland","Other fibre and oleaginous crops","Agriculture (excluding fallow land and kitchen gardens)"
"Madrid","1","Cropland","Rape and turnip rape","Agriculture (excluding fallow land and kitchen gardens)"
"Madrid","1","Artificial land","Other artificial areas","Electricity gas and thermal power distribution"
"Madrid","1","Shrubland","Shrubland with sparse tree cover","Semi-natural and natural areas not in use"
"Madrid","1","Cropland","Nuts trees","Agriculture (excluding fallow land and kitchen gardens)"
"Madrid","1","Shrubland","Shrubland without tree cover","Semi-natural and natural areas not in use"
"Madrid","1","Bareland","Other bare soil","Other abandoned areas"
"Madrid","1","Cropland","Oats","Agriculture (excluding fallow land and kitchen gardens)"
"Madrid","1","Cropland","Tomatoes","Agriculture (excluding fallow land and kitchen gardens)"
"Madrid","1","Cropland","Dry pulses","Agriculture (excluding fallow land and kitchen gardens)"
"Madrid","1","Cropland","Durum wheat","Agriculture (excluding fallow land and kitchen gardens)"
"Madrid","1","Grassland","Grassland with sparse tree/shrub cover","Agriculture (excluding fallow land and kitchen gardens)"
"Madrid","1","Cropland","Maize","Agriculture (excluding fallow land and kitchen gardens)"
"Madrid","1","Shrubland","Shrubland with sparse tree cover","Agriculture (excluding fallow land and kitchen gardens)"
"Málaga","11","Cropland","Olive groves","Agriculture (excluding fallow land and kitchen gardens)"
"Málaga","1","Woodland","Broadleaved woodland","Forestry"
"Málaga","1","Cropland","Oats","Agriculture (excluding fallow land and kitchen gardens)"
"Málaga","1","Bareland","Other bare soil","Fallow land"
"Málaga","1","Grassland","Spontaneously re-vegetated surfaces","Fallow land"
"Murcia","6","Bareland","Other bare soil","Fallow land"
"Murcia","4","Cropland","Nuts trees","Agriculture (excluding fallow land and kitchen gardens)"
"Murcia","4","Cropland","Other fresh vegetables","Agriculture (excluding fallow land and kitchen gardens)"
"Murcia","3","Grassland","Spontaneously re-vegetated surfaces","Fallow land"
"Murcia","1","Woodland","Pine dominated coniferous woodland","Semi-natural and natural areas not in use"
"Murcia","1","Artificial land","Non built-up linear features","Road transport"
"Murcia","1","Cropland","Oranges","Agriculture (excluding fallow land and kitchen gardens)"
"Murcia","1","Woodland","Pine dominated mixed woodland","Amenities museum leisure (e.g. parks botanical gardens)"
"Murcia","1","Cropland","Other fruit trees and berries","Agriculture (excluding fallow land and kitchen gardens)"
"Murcia","1","Cropland","Nuts trees","Other abandoned areas"
"Murcia","1","Cropland","Vineyards","Agriculture (excluding fallow land and kitchen gardens)"
"Murcia","1","Cropland","Barley","Agriculture (excluding fallow land and kitchen gardens)"
"Navarra","11","Woodland","Broadleaved woodland","Forestry"
"Navarra","7","Cropland","Barley","Agriculture (excluding fallow land and kitchen gardens)"
"Navarra","5","Grassland","Grassland without tree/shrub cover","Agriculture (excluding fallow land and kitchen gardens)"
"Navarra","4","Grassland","Spontaneously re-vegetated surfaces","Fallow land"
"Navarra","4","Cropland","Common wheat","Agriculture (excluding fallow land and kitchen gardens)"
"Navarra","2","Woodland","Pine dominated coniferous woodland","Forestry"
"Navarra","2","Shrubland","Shrubland without tree cover","Agriculture (excluding fallow land and kitchen gardens)"
"Navarra","1","Woodland","Pine dominated mixed woodland","Forestry"
"Navarra","1","Cropland","Durum wheat","Agriculture (excluding fallow land and kitchen gardens)"
"Navarra","1","Grassland","Grassland without tree/shrub cover","Forestry"
"Navarra","1","Cropland","Dry pulses","Agriculture (excluding fallow land and kitchen gardens)"
"Navarra","1","Shrubland","Shrubland with sparse tree cover","Semi-natural and natural areas not in use"
"Navarra","1","Shrubland","Shrubland without tree cover","Semi-natural and natural areas not in use"
"Ourense","6","Woodland","Broadleaved woodland","Forestry"
"Ourense","6","Woodland","Pine dominated mixed woodland","Forestry"
"Ourense","5","Woodland","Broadleaved woodland","Semi-natural and natural areas not in use"
"Ourense","5","Cropland","Temporary grassland","Agriculture (excluding fallow land and kitchen gardens)"
"Ourense","4","Shrubland","Shrubland without tree cover","Semi-natural and natural areas not in use"
"Ourense","4","Grassland","Grassland without tree/shrub cover","Agriculture (excluding fallow land and kitchen gardens)"
"Ourense","3","Shrubland","Shrubland with sparse tree cover","Semi-natural and natural areas not in use"
"Ourense","3","Shrubland","Shrubland with sparse tree cover","Forestry"
"Ourense","2","Shrubland","Shrubland without tree cover","Agriculture (excluding fallow land and kitchen gardens)"
"Ourense","2","Cropland","Common wheat","Agriculture (excluding fallow land and kitchen gardens)"
"Ourense","1","Woodland","Pine dominated coniferous woodland","Forestry"
"Ourense","1","Grassland","Spontaneously re-vegetated surfaces","Road transport"
"Ourense","1","Cropland","Potatoes","Agriculture (excluding fallow land and kitchen gardens)"
"Ourense","1","Cropland","Apple fruit","Agriculture (excluding fallow land and kitchen gardens)"
"Ourense","1","Bareland","Rocks and stones","Semi-natural and natural areas not in use"
"Ourense","1","Shrubland","Shrubland without tree cover","Forestry"
"Ourense","1","Bareland","Other bare soil","Forestry"
"Ourense","1","Grassland","Spontaneously re-vegetated surfaces","Fallow land"
"Ourense","1","Artificial land","Other artificial areas","Electricity gas and thermal power distribution"
"Ourense","1","Cropland","Maize","Agriculture (excluding fallow land and kitchen gardens)"
"Palencia","36","Cropland","Barley","Agriculture (excluding fallow land and kitchen gardens)"
"Palencia","26","Cropland","Common wheat","Agriculture (excluding fallow land and kitchen gardens)"
"Palencia","14","Cropland","Sunflower","Agriculture (excluding fallow land and kitchen gardens)"
"Palencia","10","Cropland","Lucerne","Agriculture (excluding fallow land and kitchen gardens)"
"Palencia","10","Cropland","Dry pulses","Agriculture (excluding fallow land and kitchen gardens)"
"Palencia","4","Bareland","Other bare soil","Fallow land"
"Palencia","3","Grassland","Spontaneously re-vegetated surfaces","Other abandoned areas"
"Palencia","3","Cropland","Vineyards","Agriculture (excluding fallow land and kitchen gardens)"
"Palencia","3","Cropland","Oats","Agriculture (excluding fallow land and kitchen gardens)"
"Palencia","2","Cropland","Other Leguminous  and mixtures for fodder","Agriculture (excluding fallow land and kitchen gardens)"
"Palencia","2","Cropland","Durum wheat","Agriculture (excluding fallow land and kitchen gardens)"
"Palencia","2","Grassland","Spontaneously re-vegetated surfaces","Fallow land"
"Palencia","1","Woodland","Broadleaved woodland","Forestry"
"Palencia","1","Cropland","Rye","Agriculture (excluding fallow land and kitchen gardens)"
"Palencia","1","Cropland","Temporary grassland","Agriculture (excluding fallow land and kitchen gardens)"
"Palencia","1","Cropland","Other fibre and oleaginous crops","Agriculture (excluding fallow land and kitchen gardens)"
"Palencia","1","Cropland","Mix of cereals","Agriculture (excluding fallow land and kitchen gardens)"
"Palencia","1","Cropland","Nuts trees","Agriculture (excluding fallow land and kitchen gardens)"
"Palencia","1","Cropland","Potatoes","Agriculture (excluding fallow land and kitchen gardens)"
"Pontevedra","12","Woodland","Broadleaved woodland","Forestry"
"Pontevedra","7","Woodland","Pine dominated coniferous woodland","Forestry"
"Pontevedra","5","Shrubland","Shrubland without tree cover","Semi-natural and natural areas not in use"
"Pontevedra","4","Cropland","Temporary grassland","Agriculture (excluding fallow land and kitchen gardens)"
"Pontevedra","3","Cropland","Maize","Agriculture (excluding fallow land and kitchen gardens)"
"Pontevedra","3","Shrubland","Shrubland with sparse tree cover","Semi-natural and natural areas not in use"
"Pontevedra","2","Grassland","Grassland without tree/shrub cover","Agriculture (excluding fallow land and kitchen gardens)"
"Pontevedra","2","Woodland","Broadleaved woodland","Semi-natural and natural areas not in use"
"Pontevedra","2","Grassland","Grassland without tree/shrub cover","Other abandoned areas"
"Pontevedra","1","Woodland","Other mixed woodland","Semi-natural and natural areas not in use"
"Pontevedra","1","Shrubland","Shrubland without tree cover","Other abandoned areas"
"Pontevedra","1","Shrubland","Shrubland with sparse tree cover","Forestry"
"Pontevedra","1","Grassland","Spontaneously re-vegetated surfaces","Forestry"
"Pontevedra","1","Grassland","Spontaneously re-vegetated surfaces","Road transport"
"Pontevedra","1","Shrubland","Shrubland without tree cover","Forestry"
"Pontevedra","1","Artificial land","Other artificial areas","Electricity gas and thermal power distribution"
"Pontevedra","1","Shrubland","Shrubland without tree cover","Agriculture (excluding fallow land and kitchen gardens)"
"Pontevedra","1","Bareland","Rocks and stones","Semi-natural and natural areas not in use"
"Pontevedra","1","Cropland","Pear fruit","Kitchen gardens"
"Pontevedra","1","Woodland","Pine dominated mixed woodland","Forestry"
"Salamanca","8","Cropland","Barley","Agriculture (excluding fallow land and kitchen gardens)"
"Salamanca","7","Grassland","Grassland without tree/shrub cover","Agriculture (excluding fallow land and kitchen gardens)"
"Salamanca","6","Cropland","Common wheat","Agriculture (excluding fallow land and kitchen gardens)"
"Salamanca","4","Bareland","Other bare soil","Fallow land"
"Salamanca","3","Cropland","Dry pulses","Agriculture (excluding fallow land and kitchen gardens)"
"Salamanca","2","Woodland","Broadleaved woodland","Forestry"
"Salamanca","2","Cropland","Sunflower","Agriculture (excluding fallow land and kitchen gardens)"
"Salamanca","1","Cropland","Lucerne","Agriculture (excluding fallow land and kitchen gardens)"
"Salamanca","1","Cropland","Potatoes","Agriculture (excluding fallow land and kitchen gardens)"
"Salamanca","1","Grassland","Grassland with sparse tree/shrub cover","Agriculture (excluding fallow land and kitchen gardens)"
"Salamanca","1","Cropland","Oats","Agriculture (excluding fallow land and kitchen gardens)"
"Salamanca","1","Cropland","Mix of cereals","Agriculture (excluding fallow land and kitchen gardens)"
"Salamanca","1","Cropland","Maize","Agriculture (excluding fallow land and kitchen gardens)"
"Salamanca","1","Woodland","Pine dominated coniferous woodland","Forestry"
"Segovia","12","Grassland","Grassland without tree/shrub cover","Agriculture (excluding fallow land and kitchen gardens)"
"Segovia","11","Cropland","Barley","Agriculture (excluding fallow land and kitchen gardens)"
"Segovia","11","Cropland","Common wheat","Agriculture (excluding fallow land and kitchen gardens)"
"Segovia","9","Woodland","Pine dominated coniferous woodland","Forestry"
"Segovia","8","Cropland","Sunflower","Agriculture (excluding fallow land and kitchen gardens)"
"Segovia","7","Woodland","Broadleaved woodland","Forestry"
"Segovia","5","Grassland","Grassland with sparse tree/shrub cover","Agriculture (excluding fallow land and kitchen gardens)"
"Segovia","4","Bareland","Other bare soil","Fallow land"
"Segovia","4","Grassland","Spontaneously re-vegetated surfaces","Agriculture (excluding fallow land and kitchen gardens)"
"Segovia","4","Shrubland","Shrubland without tree cover","Semi-natural and natural areas not in use"
"Segovia","3","Woodland","Broadleaved woodland","Semi-natural and natural areas not in use"
"Segovia","3","Shrubland","Shrubland with sparse tree cover","Semi-natural and natural areas not in use"
"Segovia","3","Grassland","Spontaneously re-vegetated surfaces","Fallow land"
"Segovia","2","Woodland","Broadleaved woodland","Agriculture (excluding fallow land and kitchen gardens)"
"Segovia","2","Woodland","Other coniferous woodland","Semi-natural and natural areas not in use"
"Segovia","2","Shrubland","Shrubland with sparse tree cover","Agriculture (excluding fallow land and kitchen gardens)"
"Segovia","2","Cropland","Oats","Agriculture (excluding fallow land and kitchen gardens)"
"Segovia","1","Woodland","Other mixed woodland","Semi-natural and natural areas not in use"
"Segovia","1","Cropland","Other root crops","Agriculture (excluding fallow land and kitchen gardens)"
"Segovia","1","Cropland","Apple fruit","Agriculture (excluding fallow land and kitchen gardens)"
"Segovia","1","Grassland","Grassland without tree/shrub cover","Semi-natural and natural areas not in use"
"Segovia","1","Woodland","Pine dominated mixed woodland","Semi-natural and natural areas not in use"
"Segovia","1","Grassland","Grassland without tree/shrub cover","Forestry"
"Segovia","1","Woodland","Other coniferous woodland","Forestry"
"Segovia","1","Cropland","Potatoes","Agriculture (excluding fallow land and kitchen gardens)"
"Segovia","1","Grassland","Spontaneously re-vegetated surfaces","Semi-natural and natural areas not in use"
"Segovia","1","Cropland","Durum wheat","Agriculture (excluding fallow land and kitchen gardens)"
"Segovia","1","Cropland","Dry pulses","Agriculture (excluding fallow land and kitchen gardens)"
"Sevilla","6","Cropland","Durum wheat","Agriculture (excluding fallow land and kitchen gardens)"
"Sevilla","6","Cropland","Cotton","Agriculture (excluding fallow land and kitchen gardens)"
"Sevilla","4","Bareland","Other bare soil","Fallow land"
"Sevilla","3","Cropland","Olive groves","Agriculture (excluding fallow land and kitchen gardens)"
"Sevilla","3","Cropland","Sunflower","Agriculture (excluding fallow land and kitchen gardens)"
"Sevilla","2","Cropland","Barley","Agriculture (excluding fallow land and kitchen gardens)"
"Sevilla","1","Cropland","Oats","Agriculture (excluding fallow land and kitchen gardens)"
"Sevilla","1","Cropland","Oranges","Agriculture (excluding fallow land and kitchen gardens)"
"Sevilla","1","Grassland","Spontaneously re-vegetated surfaces","Fallow land"
"Sevilla","1","Cropland","Dry pulses","Agriculture (excluding fallow land and kitchen gardens)"
"Sevilla","1","Cropland","Tomatoes","Agriculture (excluding fallow land and kitchen gardens)"
"Sevilla","1","Bareland","Other bare soil","Agriculture (excluding fallow land and kitchen gardens)"
"Sevilla","1","Cropland","Common wheat","Agriculture (excluding fallow land and kitchen gardens)"
"Soria","29","Cropland","Common wheat","Agriculture (excluding fallow land and kitchen gardens)"
"Soria","28","Cropland","Barley","Agriculture (excluding fallow land and kitchen gardens)"
"Soria","22","Woodland","Pine dominated coniferous woodland","Forestry"
"Soria","19","Shrubland","Shrubland without tree cover","Semi-natural and natural areas not in use"
"Soria","13","Woodland","Broadleaved woodland","Semi-natural and natural areas not in use"
"Soria","13","Bareland","Other bare soil","Fallow land"
"Soria","10","Woodland","Broadleaved woodland","Forestry"
"Soria","8","Grassland","Spontaneously re-vegetated surfaces","Fallow land"
"Soria","6","Shrubland","Shrubland without tree cover","Agriculture (excluding fallow land and kitchen gardens)"
"Soria","6","Cropland","Vineyards","Agriculture (excluding fallow land and kitchen gardens)"
"Soria","5","Cropland","Rye","Agriculture (excluding fallow land and kitchen gardens)"
"Soria","5","Grassland","Grassland without tree/shrub cover","Semi-natural and natural areas not in use"
"Soria","5","Cropland","Sunflower","Agriculture (excluding fallow land and kitchen gardens)"
"Soria","4","Grassland","Spontaneously re-vegetated surfaces","Semi-natural and natural areas not in use"
"Soria","4","Shrubland","Shrubland with sparse tree cover","Semi-natural and natural areas not in use"
"Soria","4","Grassland","Grassland with sparse tree/shrub cover","Agriculture (excluding fallow land and kitchen gardens)"
"Soria","3","Woodland","Pine dominated mixed woodland","Forestry"
"Soria","3","Grassland","Grassland without tree/shrub cover","Agriculture (excluding fallow land and kitchen gardens)"
"Soria","3","Woodland","Other coniferous woodland","Semi-natural and natural areas not in use"
"Soria","3","Cropland","Triticale","Agriculture (excluding fallow land and kitchen gardens)"
"Soria","2","Grassland","Grassland with sparse tree/shrub cover","Semi-natural and natural areas not in use"
"Soria","2","Cropland","Lucerne","Agriculture (excluding fallow land and kitchen gardens)"
"Soria","1","Cropland","Dry pulses","Agriculture (excluding fallow land and kitchen gardens)"
"Soria","1","Grassland","Grassland without tree/shrub cover","Other abandoned areas"
"Soria","1","Woodland","Broadleaved woodland","Agriculture (excluding fallow land and kitchen gardens)"
"Soria","1","Bareland","Other bare soil","Forestry"
"Soria","1","Cropland","Other Leguminous  and mixtures for fodder","Agriculture (excluding fallow land and kitchen gardens)"
"Soria","1","Cropland","Cherry fruit","Agriculture (excluding fallow land and kitchen gardens)"
"Soria","1","Woodland","Pine dominated mixed woodland","Semi-natural and natural areas not in use"
"Soria","1","Cropland","Pear fruit","Agriculture (excluding fallow land and kitchen gardens)"
"Soria","1","Cropland","Durum wheat","Agriculture (excluding fallow land and kitchen gardens)"
"Soria","1","Shrubland","Shrubland with sparse tree cover","Forestry"
"Soria","1","Cropland","Permanent industrial crops","Agriculture (excluding fallow land and kitchen gardens)"
"Soria","1","Cropland","Nuts trees","Agriculture (excluding fallow land and kitchen gardens)"
"Soria","1","Woodland","Pine dominated coniferous woodland","Semi-natural and natural areas not in use"
"Soria","1","Shrubland","Shrubland with sparse tree cover","Agriculture (excluding fallow land and kitchen gardens)"
"Soria","1","Shrubland","Shrubland without tree cover","Energy production"
"Soria","1","Grassland","Spontaneously re-vegetated surfaces","Other abandoned areas"
"Soria","1","Shrubland","Shrubland without tree cover","Protection infrastructures"
"Tarragona","9","Cropland","Vineyards","Agriculture (excluding fallow land and kitchen gardens)"
"Tarragona","4","Cropland","Barley","Agriculture (excluding fallow land and kitchen gardens)"
"Tarragona","4","Cropland","Olive groves","Agriculture (excluding fallow land and kitchen gardens)"
"Tarragona","3","Cropland","Maize","Agriculture (excluding fallow land and kitchen gardens)"
"Tarragona","3","Cropland","Lucerne","Agriculture (excluding fallow land and kitchen gardens)"
"Tarragona","2","Cropland","Other fruit trees and berries","Agriculture (excluding fallow land and kitchen gardens)"
"Tarragona","2","Cropland","Common wheat","Agriculture (excluding fallow land and kitchen gardens)"
"Tarragona","2","Cropland","Olive groves","Other abandoned areas"
"Tarragona","2","Cropland","Nuts trees","Agriculture (excluding fallow land and kitchen gardens)"
"Tarragona","2","Grassland","Spontaneously re-vegetated surfaces","Fallow land"
"Tarragona","1","Grassland","Grassland without tree/shrub cover","Semi-natural and natural areas not in use"
"Tarragona","1","Cropland","Pear fruit","Agriculture (excluding fallow land and kitchen gardens)"
"Tarragona","1","Cropland","Triticale","Agriculture (excluding fallow land and kitchen gardens)"
"Tarragona","1","Woodland","Broadleaved woodland","Semi-natural and natural areas not in use"
"Tarragona","1","Cropland","Nuts trees","Other abandoned areas"
"Tarragona","1","Cropland","Cherry fruit","Agriculture (excluding fallow land and kitchen gardens)"
"Tarragona","1","Cropland","Durum wheat","Agriculture (excluding fallow land and kitchen gardens)"
"Teruel","22","Cropland","Barley","Agriculture (excluding fallow land and kitchen gardens)"
"Teruel","19","Bareland","Other bare soil","Fallow land"
"Teruel","16","Shrubland","Shrubland without tree cover","Semi-natural and natural areas not in use"
"Teruel","13","Cropland","Rye","Agriculture (excluding fallow land and kitchen gardens)"
"Teruel","12","Cropland","Common wheat","Agriculture (excluding fallow land and kitchen gardens)"
"Teruel","9","Grassland","Spontaneously re-vegetated surfaces","Fallow land"
"Teruel","8","Woodland","Broadleaved woodland","Semi-natural and natural areas not in use"
"Teruel","8","Shrubland","Shrubland with sparse tree cover","Semi-natural and natural areas not in use"
"Teruel","7","Grassland","Spontaneously re-vegetated surfaces","Agriculture (excluding fallow land and kitchen gardens)"
"Teruel","7","Woodland","Other coniferous woodland","Semi-natural and natural areas not in use"
"Teruel","7","Woodland","Pine dominated coniferous woodland","Forestry"
"Teruel","3","Cropland","Oats","Agriculture (excluding fallow land and kitchen gardens)"
"Teruel","3","Shrubland","Shrubland without tree cover","Agriculture (excluding fallow land and kitchen gardens)"
"Teruel","3","Grassland","Grassland without tree/shrub cover","Semi-natural and natural areas not in use"
"Teruel","3","Cropland","Nuts trees","Agriculture (excluding fallow land and kitchen gardens)"
"Teruel","3","Woodland","Broadleaved woodland","Forestry"
"Teruel","3","Cropland","Dry pulses","Agriculture (excluding fallow land and kitchen gardens)"
"Teruel","2","Cropland","Other Leguminous  and mixtures for fodder","Agriculture (excluding fallow land and kitchen gardens)"
"Teruel","2","Woodland","Other mixed woodland","Semi-natural and natural areas not in use"
"Teruel","2","Woodland","Other coniferous woodland","Forestry"
"Teruel","2","Shrubland","Shrubland with sparse tree cover","Agriculture (excluding fallow land and kitchen gardens)"
"Teruel","2","Woodland","Pine dominated coniferous woodland","Semi-natural and natural areas not in use"
"Teruel","2","Cropland","Triticale","Agriculture (excluding fallow land and kitchen gardens)"
"Teruel","1","Grassland","Grassland without tree/shrub cover","Agriculture (excluding fallow land and kitchen gardens)"
"Teruel","1","Grassland","Grassland without tree/shrub cover","Other abandoned areas"
"Teruel","1","Woodland","Pine dominated mixed woodland","Forestry"
"Teruel","1","Cropland","Lucerne","Agriculture (excluding fallow land and kitchen gardens)"
"Teruel","1","Grassland","Spontaneously re-vegetated surfaces","Semi-natural and natural areas not in use"
"Teruel","1","Cropland","Sunflower","Agriculture (excluding fallow land and kitchen gardens)"
"Toledo","13","Bareland","Other bare soil","Fallow land"
"Toledo","10","Cropland","Barley","Agriculture (excluding fallow land and kitchen gardens)"
"Toledo","9","Cropland","Olive groves","Agriculture (excluding fallow land and kitchen gardens)"
"Toledo","2","Cropland","Vineyards","Agriculture (excluding fallow land and kitchen gardens)"
"Toledo","2","Grassland","Grassland without tree/shrub cover","Agriculture (excluding fallow land and kitchen gardens)"
"Toledo","2","Cropland","Common wheat","Agriculture (excluding fallow land and kitchen gardens)"
"Toledo","2","Grassland","Spontaneously re-vegetated surfaces","Fallow land"
"Toledo","2","Cropland","Oats","Agriculture (excluding fallow land and kitchen gardens)"
"Toledo","1","Cropland","Triticale","Agriculture (excluding fallow land and kitchen gardens)"
"Toledo","1","Cropland","Tomatoes","Agriculture (excluding fallow land and kitchen gardens)"
"Toledo","1","Shrubland","Shrubland without tree cover","Fallow land"
"Toledo","1","Shrubland","Shrubland without tree cover","Semi-natural and natural areas not in use"
"Toledo","1","Cropland","Other fibre and oleaginous crops","Agriculture (excluding fallow land and kitchen gardens)"
"Toledo","1","Cropland","Nuts trees","Agriculture (excluding fallow land and kitchen gardens)"
"Toledo","1","Artificial land","Other artificial areas","Electricity gas and thermal power distribution"
"Toledo","1","Cropland","Dry pulses","Agriculture (excluding fallow land and kitchen gardens)"
"Toledo","1","Cropland","Mix of cereals","Agriculture (excluding fallow land and kitchen gardens)"
"Toledo","1","Bareland","Other bare soil","Other abandoned areas"
"Toledo","1","Cropland","Durum wheat","Agriculture (excluding fallow land and kitchen gardens)"
"Toledo","1","Grassland","Spontaneously re-vegetated surfaces","Agriculture (excluding fallow land and kitchen gardens)"
"Valencia / València","2","Cropland","Other citrus fruit","Agriculture (excluding fallow land and kitchen gardens)"
"Valencia / València","2","Cropland","Oranges","Agriculture (excluding fallow land and kitchen gardens)"
"Valencia / València","1","Bareland","Other bare soil","Fallow land"
"Valencia / València","1","Grassland","Spontaneously re-vegetated surfaces","Semi-natural and natural areas not in use"
"Valencia / València","1","Artificial land","Other artificial areas","Electricity gas and thermal power distribution"
"Valencia / València","1","Cropland","Other fruit trees and berries","Agriculture (excluding fallow land and kitchen gardens)"
"Valladolid","32","Cropland","Barley","Agriculture (excluding fallow land and kitchen gardens)"
"Valladolid","25","Cropland","Common wheat","Agriculture (excluding fallow land and kitchen gardens)"
"Valladolid","14","Cropland","Sunflower","Agriculture (excluding fallow land and kitchen gardens)"
"Valladolid","13","Cropland","Dry pulses","Agriculture (excluding fallow land and kitchen gardens)"
"Valladolid","9","Bareland","Other bare soil","Fallow land"
"Valladolid","8","Cropland","Lucerne","Agriculture (excluding fallow land and kitchen gardens)"
"Valladolid","6","Cropland","Vineyards","Agriculture (excluding fallow land and kitchen gardens)"
"Valladolid","5","Grassland","Spontaneously re-vegetated surfaces","Other abandoned areas"
"Valladolid","5","Cropland","Oats","Agriculture (excluding fallow land and kitchen gardens)"
"Valladolid","3","Cropland","Maize","Agriculture (excluding fallow land and kitchen gardens)"
"Valladolid","3","Grassland","Spontaneously re-vegetated surfaces","Fallow land"
"Valladolid","3","Cropland","Potatoes","Agriculture (excluding fallow land and kitchen gardens)"
"Valladolid","2","Cropland","Triticale","Agriculture (excluding fallow land and kitchen gardens)"
"Valladolid","2","Cropland","Other root crops","Agriculture (excluding fallow land and kitchen gardens)"
"Valladolid","2","Cropland","Durum wheat","Agriculture (excluding fallow land and kitchen gardens)"
"Valladolid","1","Woodland","Pine dominated mixed woodland","Forestry"
"Valladolid","1","Grassland","Grassland with sparse tree/shrub cover","Semi-natural and natural areas not in use"
"Valladolid","1","Cropland","Rye","Fallow land"
"Valladolid","1","Grassland","Spontaneously re-vegetated surfaces","Agriculture (excluding fallow land and kitchen gardens)"
"Valladolid","1","Cropland","Mix of cereals","Agriculture (excluding fallow land and kitchen gardens)"
"Valladolid","1","Cropland","Rye","Agriculture (excluding fallow land and kitchen gardens)"
"Valladolid","1","Woodland","Broadleaved woodland","Forestry"
"Valladolid","1","Cropland","Other fibre and oleaginous crops","Agriculture (excluding fallow land and kitchen gardens)"
"Valladolid","1","Cropland","Sugar beet","Agriculture (excluding fallow land and kitchen gardens)"
"Vizcaya","8","Woodland","Broadleaved woodland","Forestry"
"Vizcaya","8","Woodland","Pine dominated coniferous woodland","Forestry"
"Vizcaya","4","Grassland","Grassland without tree/shrub cover","Agriculture (excluding fallow land and kitchen gardens)"
"Vizcaya","2","Shrubland","Shrubland without tree cover","Semi-natural and natural areas not in use"
"Vizcaya","2","Woodland","Pine dominated mixed woodland","Forestry"
"Vizcaya","1","Bareland","Other bare soil","Fallow land"
"Vizcaya","1","Woodland","Broadleaved woodland","Agriculture (excluding fallow land and kitchen gardens)"
"Vizcaya","1","Cropland","Oats","Agriculture (excluding fallow land and kitchen gardens)"
"Vizcaya","1","Woodland","Broadleaved woodland","Semi-natural and natural areas not in use"
